numero_eventos,visitas
0,713
0,654
2,645
3,614
4,673
4,710
5,685
5,752
6,798
6,592
6,737
6,753
7,699
7,723
7,635
8,685
8,650
8,700
8,749
8,729
8,754
8,743
8,745
9,652
9,780
9,756
10,721
10,783
10,765
10,734
10,704
10,732
11,724
11,737
11,710
12,704
12,732
12,760
12,705
12,735
12,715
12,715
12,685
12,751
12,804
12,710
13,768
13,706
13,788
13,734
13,746
13,684
13,752
13,750
13,789
14,694
14,775
14,781
14,768
14,737
14,747
14,704
14,780
14,727
14,736
14,747
14,773
15,808
15,771
15,767
15,799
15,711
15,795
16,751
16,731
16,717
16,707
16,751
16,832
16,781
16,779
16,722
16,816
16,707
16,706
16,752
17,753
17,765
17,754
17,839
17,773
17,775
17,683
17,799
17,774
17,722
17,783
17,713
17,692
17,720
17,757
17,763
17,770
17,771
17,742
17,699
17,729
17,731
17,759
17,718
18,766
18,783
18,795
18,749
18,784
18,824
18,745
18,777
18,769
18,755
18,790
18,758
18,769
18,775
18,791
18,753
18,748
18,745
18,783
18,816
18,697
18,772
18,814
18,754
18,711
18,735
19,729
19,768
19,747
19,757
19,794
19,734
19,704
19,811
19,818
19,813
19,807
19,766
19,752
19,785
19,823
19,764
19,790
19,687
19,719
19,782
19,779
19,734
19,780
19,759
19,762
19,787
19,802
19,771
20,783
20,804
20,814
20,692
20,773
20,734
20,803
20,716
20,787
20,759
20,755
20,805
20,796
20,715
20,766
20,757
20,826
20,831
20,804
20,784
20,858
20,782
20,793
20,756
21,850
21,794
21,770
21,732
21,799
21,809
21,736
21,795
21,801
21,819
21,759
21,791
21,728
21,773
21,790
21,779
21,763
21,788
21,770
21,759
21,747
21,784
21,839
21,873
21,763
21,808
21,802
21,756
21,765
21,789
22,773
22,819
22,757
22,724
22,809
22,742
22,801
22,763
22,745
22,783
22,788
22,767
22,759
22,798
22,818
22,778
22,793
22,777
22,803
22,818
22,795
22,778
22,806
22,793
22,785
22,773
22,837
22,774
22,787
22,816
22,806
22,757
23,727
23,771
23,822
23,776
23,795
23,777
23,810
23,788
23,757
23,725
23,759
23,825
23,816
23,757
23,811
23,818
23,823
23,810
23,815
23,847
23,771
23,834
23,777
23,762
23,771
23,791
24,847
24,796
24,751
24,750
24,823
24,787
24,783
24,794
24,792
24,829
24,787
24,750
24,781
24,836
24,791
24,700
24,793
24,790
24,766
24,823
24,846
24,824
24,750
24,822
24,736
24,807
24,805
24,799
25,821
25,840
25,828
25,818
25,828
25,761
25,812
25,835
25,724
25,792
25,832
25,845
25,773
25,739
25,815
25,787
25,815
25,850
25,866
25,805
25,858
25,819
25,785
25,781
25,800
25,802
25,811
25,781
25,842
25,751
25,811
25,808
25,776
25,780
25,795
25,807
26,800
26,784
26,823
26,784
26,770
26,812
26,795
26,795
26,853
26,869
26,793
26,811
26,800
26,792
26,785
26,796
26,783
26,820
26,839
26,842
26,775
26,757
26,782
26,895
26,766
26,759
26,836
26,825
26,849
26,795
26,823
27,826
27,836
27,789
27,848
27,849
27,906
27,785
27,861
27,829
27,841
27,783
27,874
27,832
27,789
27,854
27,869
27,773
27,763
27,794
27,875
27,804
27,793
27,849
27,848
27,805
27,848
27,755
27,848
27,802
27,830
27,745
27,827
27,820
27,803
27,816
27,796
27,792
27,819
28,767
28,786
28,847
28,811
28,783
28,813
28,871
28,821
28,787
28,773
28,766
28,869
28,823
28,825
28,790
28,854
28,866
28,808
28,852
28,786
28,813
28,819
28,775
28,820
28,823
28,806
28,819
28,848
28,803
28,781
28,841
28,853
28,816
28,867
28,778
28,798
28,763
28,818
28,859
28,800
28,829
28,871
28,835
28,801
28,881
28,808
28,804
28,839
28,829
28,819
28,793
28,820
28,826
28,841
28,720
28,790
28,813
29,760
29,867
29,745
29,805
29,805
29,803
29,813
29,778
29,789
29,781
29,813
29,849
29,846
29,891
29,823
29,843
29,873
29,796
29,812
29,803
29,787
29,844
29,804
29,837
29,834
29,826
29,857
29,786
29,801
29,814
29,830
29,783
29,758
29,783
29,817
30,790
30,831
30,794
30,823
30,846
30,772
30,839
30,770
30,893
30,872
30,795
30,757
30,892
30,762
30,843
30,827
30,765
30,778
30,852
30,832
30,849
30,833
30,835
30,826
30,827
30,831
30,769
30,831
30,825
30,821
30,825
30,847
30,810
30,853
30,824
30,811
30,809
30,820
30,829
30,886
30,773
31,868
31,764
31,857
31,849
31,844
31,836
31,800
31,830
31,790
31,841
31,899
31,781
31,869
31,884
31,839
31,812
31,824
31,807
31,900
31,794
31,864
31,846
31,844
31,775
31,776
31,865
31,799
31,823
31,844
31,860
31,834
31,882
31,897
31,809
31,893
31,851
31,835
31,811
31,861
31,836
31,832
31,808
32,854
32,820
32,843
32,868
32,886
32,870
32,806
32,775
32,844
32,825
32,880
32,871
32,786
32,865
32,839
32,756
32,818
32,804
32,808
32,769
32,811
32,846
32,818
32,827
32,826
32,826
32,875
32,837
32,815
32,889
32,908
32,854
32,831
32,825
32,836
32,862
32,866
32,853
32,842
32,826
32,832
32,852
32,791
33,884
33,783
33,847
33,815
33,849
33,867
33,879
33,888
33,893
33,859
33,786
33,856
33,872
33,830
33,854
33,814
33,910
33,910
33,805
33,843
33,897
33,890
33,812
33,844
33,850
33,871
33,798
33,789
33,819
33,868
33,918
33,807
33,814
33,858
34,822
34,925
34,809
34,876
34,875
34,839
34,863
34,807
34,855
34,847
34,950
34,857
34,856
34,872
34,833
34,949
34,829
34,886
34,864
34,838
34,814
34,853
34,840
34,806
34,881
34,866
34,824
34,877
34,772
34,812
34,813
34,896
34,815
34,823
34,881
34,811
34,870
34,831
34,839
34,816
34,869
35,853
35,905
35,826
35,773
35,929
35,820
35,875
35,919
35,791
35,837
35,863
35,885
35,792
35,824
35,857
35,908
35,890
35,859
35,844
35,897
35,902
35,835
35,906
36,898
36,865
36,862
36,834
36,935
36,842
36,789
36,880
36,845
36,911
36,855
36,895
36,839
36,843
36,844
36,807
36,843
36,825
36,789
36,835
36,867
36,789
36,845
36,817
36,826
36,867
36,882
36,828
36,851
36,886
37,887
37,917
37,827
37,839
37,831
37,886
37,807
37,838
37,797
37,849
37,818
37,857
37,897
37,799
37,820
37,874
37,876
37,880
37,865
37,855
37,820
37,787
37,894
37,845
37,841
38,835
38,898
38,819
38,870
38,852
38,929
38,888
38,867
38,840
38,839
38,811
38,796
38,885
38,857
38,875
38,902
38,880
38,853
38,855
38,905
38,877
38,867
38,869
38,879
39,844
39,890
39,850
39,875
39,930
39,863
39,926
39,883
39,971
39,840
39,897
39,874
39,866
39,859
39,866
39,882
39,795
39,845
39,905
39,946
39,853
39,941
39,851
39,886
39,812
39,815
39,926
39,941
39,879
39,824
39,888
39,841
39,858
39,885
39,849
39,943
39,851
39,895
40,888
40,884
40,851
40,882
40,835
40,820
40,912
40,917
40,928
40,939
40,895
40,818
40,876
40,855
40,974
41,921
41,895
41,888
41,882
41,853
41,921
41,893
41,896
41,868
41,927
41,837
41,903
41,838
41,840
41,892
41,891
41,924
41,848
41,871
42,879
42,912
42,939
42,943
42,912
42,938
42,835
42,885
42,919
42,872
42,929
42,953
42,865
42,883
42,875
42,892
42,893
42,930
43,931
43,982
43,884
43,926
43,893
43,980
43,903
43,907
43,874
43,928
43,899
43,919
43,891
43,887
43,923
43,886
43,881
43,876
43,841
44,866
44,903
44,845
44,926
44,841
44,879
44,895
44,860
44,935
44,888
44,910
44,866
44,928
44,859
44,890
44,886
44,919
45,919
45,919
45,919
45,845
45,945
45,932
45,872
45,947
45,943
45,890
45,903
45,911
45,886
46,836
46,884
46,941
46,939
46,916
46,905
46,922
46,906
46,847
46,931
46,914
46,925
47,916
47,972
47,934
47,910
47,949
47,859
47,885
47,888
47,949
48,893
48,898
48,915
48,936
48,941
48,997
49,900
49,881
49,899
49,929
50,984
50,932
50,888
50,863
50,1048
50,913
51,917
51,905
52,871
52,910
53,938
53,910
54,947
54,946
55,961
55,891
57,940
57,920
57,915
58,976
58,1034
58,1005
58,930
59,991
59,1011
60,1017